Name,Phone,Email
Leandra Anna Malo Alba,(598) 451-5865,uraeus@mac.com
Severo Granados Iglesia,(869) 771-1487,bhima@me.com
Lucho Andreu Amat,(246) 245-7306,psichel@sbcglobal.net
Matías Mauricio Castillo Barrera,(707) 933-2513,tbeck@optonline.net
Mauricio Guijarro Castelló,(612) 325-0216,eegsa@yahoo.ca
Isaura Leyre Avilés Pelayo,(992) 564-5230,barlow@verizon.net
Soraya Morera-Lago,(651) 544-1246,wkrebs@me.com
Victoriano Tapia-Cabanillas,(851) 782-6044,dleconte@outlook.com
Nidia Saez Campoy,(265) 609-6654,flakeg@verizon.net
Teófila Villanueva Molina,(305) 491-4988,slaff@icloud.com
Trini de Alberdi,(561) 649-7485,uncle@hotmail.com
Dani Baena,(966) 735-9451,vsprintf@hotmail.com
Angelina de Arregui,(711) 282-2848,chinthaka@yahoo.ca
Samuel de Carranza,(337) 397-0627,ntegrity@optonline.net
Jacinta Montenegro Garcés,(969) 383-4277,yangyan@yahoo.ca
Lisandro Delgado Nadal,(748) 495-1748,ilyaz@me.com
Samanta Manjón Godoy,(494) 813-5651,njpayne@hotmail.com
Albano Teodosio Cañete Rosa,(779) 217-3175,ralamosm@gmail.com
Abel Villanueva,(904) 204-2255,bartak@sbcglobal.net
Bienvenida Pulido Cózar,(932) 307-3409,improv@me.com
Patricio Manzano Pomares,(993) 960-7653,arnold@live.com
Modesto de Casares,(611) 927-0572,ismail@comcast.net
Berto del Morales,(283) 384-7846,wilsonpm@aol.com
Nuria Daniela Jáuregui Tejero,(677) 875-1069,barjam@icloud.com
Anastasia Pedrero Solera,(886) 929-9282,michiel@msn.com
Purificación Salomé Ferrán Valero,(596) 660-5408,gamma@hotmail.com
Melania Cobos Lozano,(768) 242-5793,dhrakar@live.com
Evangelina Font Lago,(483) 388-3044,themer@icloud.com
Otilia Mercader Jimenez,(525) 814-4351,leocharre@me.com
Nadia Reyes-Bosch,(872) 458-4785,kewley@icloud.com
Mireia Córdoba Pi,(600) 318-8808,murdocj@mac.com
Melisa Rueda Rosado,(437) 406-2974,webinc@msn.com
Trini Sanabria-Frías,(615) 712-3381,mrsam@yahoo.ca
Lucía Manola Briones Jove,(651) 742-1141,sassen@aol.com
Natalio Pereira Barrio,(517) 690-8580,emmanuel@att.net
Nerea Alcalde Solé,(616) 766-2111,naoya@mac.com
Gracia Goicoechea Alba,(685) 726-6159,slanglois@hotmail.com
Toño Hidalgo Blázquez,(737) 772-3449,improv@comcast.net
Cándida Sedano Jiménez,(876) 612-6879,noneme@me.com
Eutimio Barreda Cobos,(669) 791-3350,majordick@yahoo.com
Rosario Yuste Falcón,(642) 368-4225,rgiersig@verizon.net
Encarnacion Español Ocaña,(953) 901-9132,smartfart@aol.com
Magdalena Vilaplana Esteve,(869) 720-8135,jmgomez@verizon.net
Adelardo Novoa,(319) 633-9396,msherr@yahoo.com
Adoración Rovira Zabala,(731) 945-6687,keutzer@sbcglobal.net
Ovidio Lamas,(435) 742-6743,policies@sbcglobal.net
Reyes Julián Nogués,(684) 330-1830,hwestiii@verizon.net
Adoración Jurado Clemente,(843) 248-6284,hstiles@mac.com
Plácido Zabala Feijoo,(390) 565-9213,xnormal@gmail.com
Abel Alex Cueto López,(951) 953-8812,jgmyers@icloud.com
Miguela Sanmiguel Paz,(516) 909-2316,oechslin@aol.com
Narcisa Villaverde Montes,(833) 629-5357,juerd@outlook.com
Leonardo Aller Bermúdez,(260) 680-9015,skippy@icloud.com
Javiera Bartolomé Torrens,(724) 882-6713,meinkej@hotmail.com
María Carmen de Fuster,(663) 750-6940,staffelb@aol.com
Adán Fonseca Marin,(325) 631-2099,heckerman@optonline.net
Adalberto de Fabra,(594) 787-2465,rjones@verizon.net
Rosalinda Jaume Romero,(720) 491-3517,parrt@verizon.net
Abigaíl Enríquez Carreras,(735) 587-8913,hampton@icloud.com
África Morcillo,(295) 530-5752,claypool@comcast.net
Gilberto Cárdenas-Esparza,(306) 906-7975,wsnyder@live.com
Marisela Posada Jover,(452) 597-0784,magusnet@aol.com
Begoña Claudia Coello Zabaleta,(363) 441-6561,danneng@optonline.net
Marcos Arregui Sainz,(550) 890-6346,smallpaul@aol.com
Venceslás Sastre Peñalver,(906) 421-7305,staikos@optonline.net
Febe Amaya,(977) 707-4772,bryam@outlook.com
Quirino Granados Verdugo,(871) 218-8630,ccohen@optonline.net
Imelda de Perea,(522) 326-9656,geoffr@aol.com
Isidora de Crespi,(924) 599-2856,kludge@comcast.net
Balduino Martin Águila,(998) 710-2563,frikazoyd@att.net
Casandra Ramírez Canet,(319) 810-1693,singer@comcast.net
Eustaquio Vigil Gil,(794) 504-1808,rogerspl@aol.com
Elvira del Espinosa,(493) 999-4390,danzigism@yahoo.ca
Pía Huertas Manzanares,(804) 655-0207,empathy@att.net
Alberto Salas Báez,(554) 800-9842,jrifkin@mac.com
Sol Rosales Calvo,(548) 446-1387,sagal@icloud.com
Guiomar Folch Sanjuan,(517) 369-6486,durist@sbcglobal.net
Nidia Pardo-Nuñez,(893) 798-8990,msloan@msn.com
Emperatriz Sabina Pastor Pedrero,(504) 719-6268,ilikered@mac.com
Ximena Jurado-Mata,(295) 508-7243,tlinden@live.com
Eugenio Aranda Falcón,(940) 762-9096,citizenl@yahoo.ca
Felicia del Palomo,(370) 597-5412,pajas@yahoo.com
Abel Uribe Cerro,(996) 458-0103,british@me.com
Andrés Felipe Prado-Infante,(223) 934-8344,chaffar@aol.com
Jordi de Perea,(611) 728-9360,parkes@hotmail.com
Ricarda Escrivá Cervera,(446) 436-2416,sjava@yahoo.ca
Socorro Morales Guerrero,(205) 877-2303,jipsen@outlook.com
Asunción Ágata Gutierrez Morera,(442) 997-2681,lahvak@optonline.net
Jesús Frías Ibáñez,(200) 695-5178,mlewan@yahoo.com
Teodosio Niño,(892) 339-6497,zwood@verizon.net
Susana Vizcaíno Nuñez,(719) 593-5606,kassiesa@hotmail.com
Abilio Cuéllar Rovira,(719) 881-4363,rnewman@hotmail.com
Adora Alberto Rebollo,(346) 442-6581,jaxweb@gmail.com
Primitivo Jaén Garcés,(690) 340-6090,eidac@aol.com
Delfina Donoso,(722) 742-7576,lishoy@gmail.com
Julio Fuster Vigil,(449) 524-6231,delpino@aol.com
Cintia Carballo-Bayona,(703) 723-3874,catalog@att.net
Fortunata Pascual Ribas,(435) 239-5138,hoyer@hotmail.com
Lilia Figuerola Bauzà,(580) 240-1515,esokullu@live.com
Pili Morell-Oliver,(650) 385-0635,heidrich@hotmail.com
Estrella Peñas Benito,(243) 906-5992,kohlis@live.com
María Ángeles Roura Carnero,(209) 297-3958,corrada@att.net
Violeta Violeta Lamas Sarabia,(966) 338-9815,chaffar@sbcglobal.net
Ruben Marquez Belda,(638) 925-5729,josem@hotmail.com
Manola Criado,(681) 914-0083,jsmith@mac.com
Rita Asensio Salgado,(354) 628-2294,hmbrand@hotmail.com
Daniela Cabello Vallés,(888) 289-8104,corrada@gmail.com
Nicolasa Aurelia Lasa Puig,(393) 626-4948,bryam@icloud.com
Jonatan Trillo Larrañaga,(887) 262-0302,gmcgath@hotmail.com
Jose Francisco Alvarado Pombo,(462) 566-8729,fukuchi@yahoo.com
Samanta Casandra Borrell Maestre,(661) 929-3370,jshearer@mac.com
Emilia María Luisa Lluch Vives,(859) 862-4703,phish@live.com
Esteban Guillén Mena,(415) 981-0636,manuals@aol.com
Josué Rocha Juan,(563) 420-8118,meder@outlook.com
Encarnación Alemán-Prats,(462) 763-2017,gomor@icloud.com
Celia Verdú,(701) 212-8508,hauma@gmail.com
Espiridión del Viñas,(714) 278-0966,godeke@yahoo.ca
Melania Lobato-Mena,(523) 677-7026,jdhedden@mac.com
Sosimo Roig Bayo,(615) 522-3616,tbeck@gmail.com
Abel Carrasco-Belda,(497) 402-3196,bryanw@outlook.com
Alicia Celestina Ibáñez Santana,(624) 360-5381,draper@me.com
Conrado Torre,(417) 559-0451,anicolao@optonline.net
Leoncio Pombo Nadal,(650) 230-0049,mxiao@comcast.net
Marcia Tomas,(863) 238-8964,mleary@yahoo.ca
Aurelia del Ocaña,(340) 944-7011,louise@comcast.net
Porfirio Cases Fabregat,(388) 447-0349,solomon@gmail.com
Maristela Mármol,(562) 364-8454,dgatwood@live.com
Leticia Azorin Cortina,(332) 349-8146,augusto@outlook.com
Régulo de Sacristán,(286) 718-4373,rafasgj@msn.com
Esteban del Múñiz,(397) 693-0198,solomon@yahoo.ca
Trinidad Exposito Abella,(874) 698-3563,kildjean@aol.com
Pánfilo Ortiz Pardo,(633) 872-7554,andersbr@att.net
Glauco Llorens Álvarez,(799) 691-3758,moonlapse@sbcglobal.net
Susanita Zaragoza Higueras,(625) 240-8609,schwaang@mac.com
Ileana Asunción Beltran Samper,(677) 815-4415,geekoid@yahoo.ca
Chus Merino Casas,(368) 227-4620,plover@aol.com
Carmina Cervera,(930) 420-2085,jhardin@hotmail.com
Curro Coello Izaguirre,(883) 797-3367,jdray@hotmail.com
Mario Roldán,(616) 916-4936,euice@outlook.com
Jesusa Fuentes,(406) 344-3322,camenisch@yahoo.ca
Óscar Dominguez Mayol,(323) 771-5959,lamky@hotmail.com
Angelino Contreras Pi,(898) 732-6602,alastair@att.net
Rafa Camino Perelló,(551) 404-1539,british@comcast.net
Aura Vidal-Roma,(488) 349-4237,rddesign@icloud.com
Lara Jordana Ballester Lladó,(296) 444-2189,heckerman@me.com
Aníbal Castelló Sarabia,(988) 961-4637,rasca@verizon.net
Adriana Higueras Ribes,(486) 549-5020,willg@sbcglobal.net
Ernesto Cuadrado Mesa,(868) 892-8961,bryam@verizon.net
Estela Ponce-Losada,(473) 875-0023,padme@hotmail.com
Luis Miguel del Tapia,(700) 958-6128,damian@hotmail.com
Elpidio Agullo Tejero,(696) 679-7702,tangsh@me.com
María Carmen Ródenas Acosta,(250) 248-4300,yamla@outlook.com
Lucas Vendrell Valverde,(834) 508-9490,rbarreira@optonline.net
Gerardo Tomé Real,(503) 283-5457,jrifkin@verizon.net
Elías Sacristán Vázquez,(461) 976-3596,dmouse@sbcglobal.net
Victoriano Valencia Coloma,(398) 272-4739,tubajon@comcast.net
Vera Ribes-Cases,(279) 586-2100,tjensen@att.net
Ligia Moya Calleja,(988) 433-7129,tristan@live.com
Evangelina Barragán Castell,(357) 352-8928,crandall@sbcglobal.net
Florencia Domitila Castell Mendizábal,(240) 852-8613,bester@outlook.com
Javier Arellano-Murcia,(403) 855-3645,world@yahoo.ca
Aurelia Sans Oller,(593) 356-1838,staikos@sbcglobal.net
Teodora Jerez Tormo,(433) 213-5953,kludge@comcast.net
Cornelio Noguera Lluch,(669) 290-1610,paulv@sbcglobal.net
Carla Serna Montalbán,(472) 605-7532,jgmyers@sbcglobal.net
Macarena Valeria Feliu Mayol,(287) 839-5879,josephw@hotmail.com
Jacinta Paz Domingo Rivas,(622) 903-6022,sopwith@att.net
Victor Manuel Tejedor Nevado,(797) 421-8320,sharon@att.net
Blanca Molina Francisco,(478) 658-1534,ntegrity@msn.com
Jonatan Fonseca Quevedo,(671) 615-3675,dgriffith@aol.com
Humberto Vila,(713) 795-1422,qrczak@verizon.net
Isaura Fuentes Guardiola,(201) 705-6808,bruck@live.com
Rufina Vargas Andres,(322) 327-1204,camenisch@yahoo.ca
Reinaldo Barral Lago,(644) 469-5761,mjewell@comcast.net
Jose Ignacio Vila-Rios,(674) 440-0703,daveed@optonline.net
Roberto Cánovas Segura,(640) 568-2625,quantaman@hotmail.com
Rómulo Ortega-Giner,(409) 889-4836,szymansk@gmail.com
Gastón Leon Solana,(359) 210-8594,jemarch@yahoo.ca
Emilia Jove-Ropero,(474) 494-9364,rhialto@msn.com
Calixto Pinedo Torrijos,(681) 820-0747,flakeg@comcast.net
Ciro Ledesma Bru,(921) 657-7404,rnewman@optonline.net
Dora del Segarra,(451) 889-2527,jshearer@yahoo.ca
Juan Bautista de Salazar,(487) 654-5535,tubesteak@msn.com
Narciso del Anaya,(243) 692-9341,jsnover@gmail.com
Martirio Reina Malo Alonso,(726) 607-0923,chrwin@live.com
Maximiliano Maestre Mendizábal,(861) 258-0892,jadavis@msn.com
Noa Dominguez-Llorente,(514) 904-4726,stevelim@gmail.com
Miguel Mur Cruz,(829) 721-4200,zavadsky@verizon.net
Gala Gimenez-Lasa,(983) 385-7043,mobileip@comcast.net
Saturnino Palacios Lamas,(223) 360-1632,lauronen@icloud.com
Ariel Castellanos Bauzà,(412) 836-0738,matty@att.net
Trinidad Salas Gimenez,(238) 664-3657,simone@mac.com
Adalberto del Seco,(759) 680-2696,claesjac@verizon.net
Eustaquio Palacios Francisco,(395) 780-5461,goldberg@yahoo.com
Susana Castro Ruiz,(372) 818-3567,lahvak@aol.com
Emelina Melisa Palau Seco,(935) 960-4873,jipsen@sbcglobal.net
Sandalio Baeza Grande,(971) 288-1186,elmer@mac.com
Gregorio Guerrero Palomino,(994) 447-4889,sisyphus@icloud.com
Socorro de Higueras,(232) 476-5035,stefano@verizon.net
Otilia Viana Torres,(288) 574-6749,muzzy@aol.com
Luís Guzman Alsina,(969) 763-9226,bmidd@att.net
Julie Rosa Lumbreras,(732) 708-8561,dhrakar@outlook.com
Samu Paulino Fabra Galvez,(314) 254-1244,openldap@mac.com
Vicente Egea Sanchez,(460) 682-5923,dmath@live.com
Juan Carlos del Cordero,(200) 565-5639,dobey@msn.com
Carla Blanes España,(357) 769-3070,rbarreira@icloud.com
Toribio Herranz Jurado,(587) 626-3175,gilmoure@live.com
América Rosell Ferrándiz,(465) 293-1802,grady@verizon.net
Inés Calderon Suarez,(709) 815-7677,sekiya@gmail.com
Trinidad Leiva Ribera,(605) 810-1781,dogdude@yahoo.com
Luisa Saldaña Piñeiro,(256) 681-2246,sfoskett@att.net
Yago Diez Meléndez,(304) 471-5232,hampton@icloud.com
Alberto Rius Rius,(411) 283-4519,singer@mac.com
Beatriz Jimenez Antón,(442) 496-8157,pereinar@mac.com
Adolfo Gaya Canales,(205) 909-7964,jfreedma@comcast.net
Teófilo de Nuñez,(730) 534-7609,hampton@outlook.com
Bruno Cabezas Cordero,(770) 286-4391,attwood@yahoo.com
Pepe Juanito Adán Anaya,(732) 906-0070,howler@mac.com
Isabela Solé Nuñez,(943) 428-2313,quantaman@icloud.com
Amaya Izquierdo Gonzalo,(785) 951-2152,tellis@gmail.com
Gervasio del Galán,(406) 847-9870,jguyer@verizon.net
Isaac Pujol-Yáñez,(965) 911-5076,adhere@icloud.com
Valerio Valentín Céspedes,(599) 327-2008,jaarnial@verizon.net
Cleto Benito Mendizábal,(656) 470-6146,plover@live.com
Erasmo Cabeza Martinez,(327) 329-5055,wortmanj@verizon.net
Quirino Rosario Vázquez Carvajal,(208) 903-9126,violinhi@aol.com
Marcos Alcántara Codina,(440) 419-1193,uncle@sbcglobal.net
Paloma Abascal Lledó,(357) 843-1297,krueger@icloud.com
Ana Sofía Nadal-Campo,(726) 820-4884,daveewart@optonline.net
Estela Cases Peral,(741) 507-6188,firstpr@aol.com
Borja Díez-Zorrilla,(847) 529-3256,trieuvan@sbcglobal.net
Eva María de Bertrán,(622) 751-8803,tbusch@gmail.com
Elena del Tomé,(681) 720-0173,yfreund@me.com
Iván de Manzanares,(947) 794-9523,jfmulder@mac.com
Adelina Roma Feijoo,(697) 343-2772,parrt@mac.com
Joel Estévez,(864) 686-9890,wiseb@aol.com
Úrsula Anabel Expósito Vazquez,(259) 588-3616,barnett@outlook.com
Manuelita Gilabert Manjón,(711) 535-5569,barlow@yahoo.com
Amparo Galván Polo,(390) 414-6347,telbij@hotmail.com
Amparo del Ayuso,(622) 524-5931,dalamb@msn.com
Angélica del Ortuño,(832) 663-7857,psichel@live.com
Amalia Itziar Sebastián Revilla,(774) 962-9792,cameron@mac.com
América Morán Peñalver,(456) 478-8124,klaudon@icloud.com
Elisa de Chaparro,(689) 369-1765,gavinls@msn.com
Nieves Lladó,(462) 469-0733,arathi@comcast.net
Juan Antonio Benet,(296) 380-9560,parkes@icloud.com
Gustavo Barberá Frías,(770) 446-1820,cyrus@aol.com
Eliana Pacheco Ponce,(752) 764-6341,isotopian@hotmail.com
Dalila Pino Verdú,(420) 583-7227,marnanel@icloud.com
Marciano Díaz,(844) 867-2783,nwiger@verizon.net
Timoteo Pinilla Calderón,(844) 548-7367,elmer@comcast.net
Malena Roma Barrena,(653) 247-2528,natepuri@gmail.com
Silvia León Duque,(323) 918-8630,tmaek@gmail.com
Ema del Garrido,(951) 814-0240,manuals@yahoo.ca
Eva González Cano,(286) 747-9510,neonatus@live.com
Eutropio Sedano Cabanillas,(780) 915-5789,crusader@verizon.net
Dafne Cerdán Pujol,(611) 316-6464,dogdude@mac.com
Óscar de Mascaró,(347) 423-7150,mastinfo@outlook.com
Catalina Peralta Patiño,(690) 391-9308,munge@verizon.net
Bárbara Elorza Jordá,(300) 748-5245,milton@att.net
Loreto Burgos,(399) 450-6042,redingtn@hotmail.com
Estela Marquez Arce,(941) 250-4612,fviegas@sbcglobal.net
Paloma Segarra Menéndez,(979) 636-7422,rgarcia@live.com
Claudio Maximino Cobos Córdoba,(838) 478-1283,ovprit@msn.com
Josefina Rey Meléndez,(709) 730-9311,teverett@att.net
Nilda de Garrido,(773) 468-1836,ghost@yahoo.ca
Gregorio Llabrés-Rebollo,(629) 776-7927,intlprog@verizon.net
Edmundo de Marco,(374) 637-9848,frosal@msn.com
Amaya Ruiz Campoy,(614) 742-3346,sabren@comcast.net
Nacio Perera Lerma,(591) 540-1501,hermes@outlook.com
Damián Vicens Cabrera,(674) 692-6307,shrapnull@live.com
Marcela Teófila Arnal Lasa,(613) 385-7225,jimmichie@optonline.net
Reina Losada Alfonso,(911) 247-1909,bjornk@aol.com
Isa Arenas Mariscal,(428) 712-4844,ghost@sbcglobal.net
Morena Roura,(911) 550-2155,curly@icloud.com
Odalys Benítez,(593) 925-4662,jacks@outlook.com
Emma del Amor,(538) 584-5847,mbswan@optonline.net
Seve Villanueva Anaya,(336) 788-8866,jelmer@gmail.com
Montserrat Armas Salamanca,(878) 213-7548,podmaster@yahoo.com
Ildefonso Feliu Esteban,(544) 332-6097,malin@verizon.net
Ligia Ocaña Arregui,(992) 343-2800,dsugal@hotmail.com
Sarita Neira Toro,(272) 202-0144,ninenine@icloud.com
Timoteo Pacheco Pozo,(738) 345-5103,damian@icloud.com
Ester Anabel Fabregat Nuñez,(713) 922-0553,phish@hotmail.com
Rosenda Villanueva Herrera,(682) 502-1976,rnelson@gmail.com
Ariel Gallego Diego,(260) 372-4164,slaff@aol.com
Juliana Alarcón Molins,(502) 779-9801,ninenine@live.com
Catalina Méndez,(687) 734-3575,johnh@yahoo.ca
Susanita Pascual Salamanca,(503) 471-0311,ryanshaw@comcast.net
Dimas Rafael Polo Bravo,(640) 467-1066,gerlo@yahoo.ca
Anabel Pou Lasa,(350) 900-0774,noneme@me.com
Nadia Natividad Marco Flores,(593) 907-1562,squirrel@comcast.net
Máximo Téllez Ferrera,(848) 559-5729,sakusha@yahoo.com
Gala Clarisa Ballesteros Llopis,(986) 369-4687,seano@sbcglobal.net
Amancio Aliaga Sierra,(815) 645-0166,bmidd@msn.com
César Nogués Tomás,(456) 670-3912,oracle@verizon.net
Brígida Jove Carretero,(997) 481-7573,jrifkin@yahoo.com
Vito del Abad,(571) 271-7420,sherzodr@att.net
Nayara Fanny Juliá Sierra,(674) 672-8423,rsmartin@msn.com
Isidoro Salas Marqués,(505) 554-8992,jsbach@aol.com
Vicente Palomino Adadia,(826) 231-0876,wmszeliga@mac.com
Sandalio de Figueroa,(499) 874-0371,william@hotmail.com
Elodia Pinto,(317) 232-9358,gastown@comcast.net
Felipe Carro Ramis,(852) 388-3751,improv@live.com
Ana Belén Alvarado Bueno,(366) 604-3609,gfxguy@outlook.com
Marisela Sanmiguel Pedraza,(800) 687-3027,marcs@outlook.com
Jesusa Benavente Ferrández,(924) 920-0218,skippy@yahoo.ca
Alonso Díaz Donoso,(733) 648-0855,jyoliver@sbcglobal.net
Filomena Pombo Pla,(496) 879-5338,afifi@hotmail.com
Cristóbal Cabello-Pol,(363) 981-6810,muadip@gmail.com
Maribel Murillo Alcaraz,(643) 252-3203,hyper@icloud.com
Mayte Cuesta Acosta,(491) 779-1547,spadkins@att.net
Remigio Villalonga Roman,(731) 808-7183,oneiros@icloud.com
Vanesa Villaverde,(879) 310-9113,miltchev@gmail.com
Maristela Corbacho Alegria,(944) 942-5965,uqmcolyv@att.net
Manuelita Cervera Botella,(257) 383-2777,william@comcast.net
Borja Canet Gallo,(286) 539-1526,lipeng@comcast.net
Clotilde Chita Fábregas Toro,(408) 475-2351,sbmrjbr@msn.com
Olimpia Girona Paredes,(654) 850-5430,ryanvm@sbcglobal.net
Rubén de Arribas,(704) 732-6961,mbswan@msn.com
Édgar Manu Suárez Anglada,(400) 235-6788,dbanarse@yahoo.ca
Luna Morcillo Carretero,(363) 851-7332,frikazoyd@me.com
Eladio Salcedo Cabanillas,(892) 211-3578,mosses@gmail.com
Gisela Cámara Duarte,(231) 936-5897,parasite@optonline.net
Nicanor de Moliner,(609) 914-4233,samavati@me.com
Rosario Paz Figueroa,(776) 448-2874,rfoley@mac.com
Gloria Esteve Perez,(487) 768-3548,yfreund@verizon.net
Alexandra Pedrosa Asensio,(601) 357-6775,fglock@gmail.com
Lucho Lucio Gallart Bartolomé,(296) 236-1828,bebing@hotmail.com
Lola Vanesa Roda Verdejo,(691) 320-1793,cumarana@live.com
Alejandra Alvarado-Rocamora,(919) 955-4757,smpeters@mac.com
Cristina Navas Sanz,(895) 527-9965,madler@gmail.com
Desiderio Vizcaíno Seguí,(779) 490-1731,mgemmons@yahoo.ca
Nélida Gallart Ochoa,(317) 905-9963,lstein@msn.com
Áurea Sandoval Robles,(636) 558-0180,skythe@optonline.net
Bibiana Azcona,(985) 919-4960,alias@comcast.net
Marcos Arnal Sola,(558) 212-5147,dburrows@comcast.net
Soledad Ani Garrido Duran,(792) 524-2198,eegsa@sbcglobal.net
Rodolfo Duilio Terrón Serrano,(267) 864-5928,gfxguy@hotmail.com
Carolina Ferreras Bolaños,(496) 239-3951,gumpish@optonline.net
Eladio Querol,(252) 667-8366,rhialto@yahoo.com
Irene Orozco Millán,(609) 330-8191,phyruxus@mac.com
Yago Heredia Francisco,(439) 401-6738,jshearer@yahoo.com
Hernán Diego Ferreras,(946) 600-8214,fwiles@live.com
Darío Severino Falcón Rodríguez,(384) 619-1581,kayvonf@sbcglobal.net
Eli Rovira Busquets,(675) 655-1424,pappp@icloud.com
Remedios Barbero Calderón,(842) 708-2942,timlinux@icloud.com
Telmo Azcona Huerta,(656) 301-2331,feamster@mac.com
Jose Luis Salgado Monreal,(728) 554-8409,dexter@yahoo.ca
Maximiliano Ferrer Solé,(557) 382-0708,symbolic@optonline.net
Seve Pellicer Arévalo,(395) 354-7424,intlprog@live.com
Poncio Gallart Cano,(752) 229-5173,msloan@live.com
Abril Morante-Portero,(653) 317-7538,wbarker@aol.com
Alondra Arroyo Moraleda,(720) 816-6636,niknejad@msn.com
Nando Neira Garcia,(392) 567-1811,koudas@icloud.com
Soraya Puig Estrada,(233) 981-3075,cantu@outlook.com
Teresita Ferrera Bernat,(469) 699-2655,nighthawk@hotmail.com
Ignacio Mendez Casanovas,(311) 568-5798,peterhoeg@yahoo.com
Isabel Bayo Sanchez,(930) 839-6069,jonadab@outlook.com
Ligia Linares Isern,(595) 770-6147,gamma@sbcglobal.net
Simón Gaya Vallejo,(796) 698-2556,wbarker@sbcglobal.net
Chus Larrañaga Hernando,(518) 447-3410,conteb@mac.com
Ángeles Arévalo Balaguer,(963) 286-3940,mugwump@verizon.net
Benito Juan Francisco Aramburu Fiol,(989) 381-2553,andrei@outlook.com
Amaya Valderrama Gomis,(760) 748-7416,roamer@sbcglobal.net
Beatriz Rodriguez Iborra,(382) 950-9603,malattia@msn.com
Amílcar Ortega Gallo,(256) 505-6404,aschmitz@sbcglobal.net
Seve Laguna-Bas,(262) 756-8019,ovprit@aol.com
Francisco Javier Coloma,(437) 405-6290,jaarnial@att.net
Erasmo Crespo Gallego,(582) 368-1385,murty@icloud.com
Octavio Perelló-Losada,(659) 871-3879,loscar@sbcglobal.net
Camila Leticia Arévalo Cuenca,(353) 426-1757,telbij@verizon.net
Áurea Manuela Piñol Bernal,(856) 331-2705,fmtbebuck@live.com
Carina Arcos Vara,(700) 644-2712,evilopie@att.net
Yago Baró Garmendia,(294) 342-2123,aibrahim@icloud.com
Antonio Folch Grande,(232) 232-3544,uqmcolyv@aol.com
Jose Ramón de Aguilera,(368) 282-4245,hermes@aol.com
Dulce Caridad Rojas Ángel,(606) 269-6077,krueger@msn.com
Cruz Benítez,(975) 455-9019,danneng@att.net
Fabio Carnero Boix,(473) 353-4079,pgolle@yahoo.com
Nayara Casanovas Alarcón,(845) 455-2297,scitext@comcast.net
Miguel Villegas Jover,(811) 819-5474,goresky@gmail.com
Ildefonso Guillén Arrieta,(923) 852-7654,shawnce@optonline.net
Jose Ignacio Armas Ramírez,(559) 237-1566,ubergeeb@live.com
María Jesús Celestina Casas Carrasco,(930) 751-5153,redingtn@yahoo.ca
Mamen Ledesma Escribano,(423) 496-3540,nimaclea@live.com
Ambrosio Casanovas Piquer,(566) 531-0451,iapetus@aol.com
Joan Ferrán Alegria,(923) 361-1596,skythe@outlook.com
Vasco Tamayo Barrio,(479) 389-7125,anicolao@aol.com
Leire Aroa Alfaro Olmo,(522) 838-0614,hahsler@yahoo.ca
Felix Guardia Arenas,(463) 645-5648,tokuhirom@comcast.net
Gloria Dalmau-Bolaños,(968) 499-4402,mhoffman@live.com
Eliana Solsona Girón,(263) 379-6789,mahbub@verizon.net
Liliana Valdés Bilbao,(316) 405-3234,janneh@gmail.com
Tomasa Feijoo Alvarado,(443) 667-4609,jonathan@yahoo.com
José Ángel Vélez Vila,(851) 269-0491,zeitlin@aol.com
Pío Roma-Estevez,(727) 313-4625,telbij@yahoo.com
Amelia Tello-Toledo,(900) 258-6110,cparis@me.com
Roberta de Lamas,(984) 388-6360,dburrows@gmail.com
Primitivo Melero Daza,(994) 832-9514,budinger@gmail.com
Benigno Sanz Gomis,(470) 309-6205,mnemonic@comcast.net
Reyna Rivas Porcel,(510) 332-3248,techie@yahoo.ca
Olivia Goñi,(608) 742-9416,timlinux@att.net
Isaac Morcillo-Calvo,(382) 786-4916,dgriffith@gmail.com
Asdrubal Franco Montaña,(688) 304-8571,credmond@me.com
Alexandra Ámbar Armengol Campos,(639) 405-1427,vsprintf@live.com
Calisto Menéndez,(648) 441-1338,tubajon@yahoo.ca
Graciana Cintia Iñiguez Heras,(558) 935-7698,overbom@aol.com
Mayte Duarte Alfonso,(398) 257-6801,iamcal@me.com
María Teresa Llamas Mariño,(226) 474-1021,gboss@icloud.com
Federico Pizarro Coello,(696) 224-8334,adamk@icloud.com
Pacífica Córdoba,(861) 766-3153,formis@yahoo.com
Rosa Jiménez-Galvez,(283) 579-9362,ngedmond@msn.com
Martirio Bonet,(970) 553-9470,amaranth@icloud.com
Ruy Roldan Lara,(251) 956-4735,chaki@verizon.net
Felisa Múgica Gomez,(461) 415-6750,barlow@mac.com
Anselma Valentín Malo,(942) 377-8831,barjam@mac.com
Lino de Busquets,(209) 879-7336,parents@outlook.com
Sandra Leiva Aguiló,(786) 225-1408,dodong@comcast.net
Federico Gutiérrez Tamarit,(706) 852-2679,chrisj@gmail.com
Aristides Exposito Sánchez,(332) 433-7473,overbom@aol.com
Claudia Ibañez Peñas,(788) 716-6288,eminence@optonline.net
Roque Bejarano,(969) 824-6307,jonathan@att.net
Sergio Font Mínguez,(578) 987-8609,teverett@yahoo.ca
Luisina Chus Acosta Losa,(864) 796-2642,library@me.com
Eusebia Torre Dalmau,(360) 395-0174,chronos@msn.com
Pedro Sancho-Garrido,(473) 259-7625,dvdotnet@aol.com
Blanca Lluch Gonzalo,(585) 896-7221,jguyer@yahoo.com
Benito Aranda Olivera,(516) 505-2111,symbolic@live.com
Juan Lerma Melero,(948) 883-9967,cyrus@outlook.com
Nayara Fuster Cuesta,(719) 644-3160,russotto@att.net
Maricela Mendizábal-Tejera,(600) 967-9596,fmtbebuck@outlook.com
Silvio Ledesma Planas,(997) 396-1254,ovprit@live.com
Ovidio García Gabaldón,(289) 891-8370,jimxugle@gmail.com
Marina Gisbert Huertas,(454) 330-7142,pthomsen@icloud.com
Nazaret Pina Solé,(843) 779-5683,csilvers@sbcglobal.net
Valentina del Diaz,(424) 719-6724,fangorn@optonline.net
José Antonio Lluch Gutiérrez,(849) 292-8635,cliffordj@msn.com
María Belén Ortega Alvarez,(477) 421-7045,fukuchi@verizon.net
Manuelita Barroso-Coloma,(401) 825-3736,kourai@optonline.net
Carmelo Valentín Mancebo,(305) 393-0553,psichel@me.com
Jose Ramón Nicolás Marco,(640) 477-1369,chronos@comcast.net
Ruben del Azorin,(225) 944-9455,ccohen@hotmail.com
Jordana Riba,(818) 544-9992,quantaman@att.net
Brunilda Giralt,(248) 248-7570,sthomas@optonline.net
Jose Valenciano Osuna,(688) 689-4456,cgcra@yahoo.ca
Inés Gil-Miralles,(532) 988-8123,szymansk@sbcglobal.net
Pío del Lastra,(447) 481-7902,goresky@aol.com
Amílcar Valera,(333) 864-8602,staffelb@comcast.net
Laura del Hernandez,(350) 978-7967,jeffcovey@me.com
Encarnación Iborra,(316) 992-3895,world@yahoo.com
Nicolasa de Verdugo,(247) 429-9544,wetter@mac.com
Evaristo Loreto Ferrer Mariño,(843) 742-7308,dwheeler@me.com
Esmeralda Visitación Menéndez Alemán,(770) 393-3543,mastinfo@live.com
Manuel Melero Palomo,(949) 598-2771,sblack@verizon.net
Paca Verdejo Mayoral,(699) 746-9159,ganter@verizon.net
Regina del Parejo,(844) 950-9259,dpitts@hotmail.com
Águeda Giménez Serna,(787) 302-4699,sinkou@me.com
Anastasio Montesinos García,(952) 745-8983,chronos@me.com
Marisela Quintero Quintero,(873) 828-7242,csilvers@gmail.com
Isaac Espada Madrigal,(943) 865-9127,aardo@verizon.net
Luciana Gaya Álvaro,(668) 821-9575,cantu@gmail.com
Samanta Olmedo,(456) 829-6689,jeffcovey@verizon.net
Osvaldo Atilio Jover Herrera,(224) 518-9412,lydia@gmail.com
Tere Montenegro Expósito,(822) 587-3348,ubergeeb@msn.com
Nicodemo Alegre-Izquierdo,(699) 407-0837,jshirley@outlook.com
Adelardo Chico-Cuesta,(272) 549-4608,niknejad@me.com
Dorotea Diez Aznar,(887) 405-0872,punkis@sbcglobal.net
Donato Noguera Mármol,(762) 491-8640,skaufman@comcast.net
María Del Carmen Benítez-Lozano,(368) 723-8977,kmiller@yahoo.com
Roxana Sanjuan Nieto,(698) 412-9077,hoangle@verizon.net
Primitiva Villalba Valenciano,(302) 256-8455,miturria@aol.com
Aura Manzano Pedrero,(917) 817-2323,bartlett@verizon.net
Sabas Macario Murcia Quintanilla,(272) 983-1657,afifi@icloud.com
Apolinar Falcón-Cadenas,(334) 772-1013,keiji@aol.com
Horacio Gallego Matas,(299) 772-6764,kramulous@icloud.com
Curro Cañellas-Abad,(229) 988-7982,cantu@mac.com
Julio Corominas,(583) 883-0821,wojciech@live.com
Dominga Olmedo Lara,(464) 724-8248,dogdude@gmail.com
Norberto Cortés Coca,(468) 449-7481,tmaek@verizon.net
Juana Valls Ruiz,(628) 943-0691,dmath@live.com
Inés García Nevado,(712) 908-2589,heine@gmail.com
Marianela Pablo Samper,(987) 571-6279,ramollin@aol.com
Azahar Solsona,(929) 373-3828,esbeck@msn.com
Patricia Leon Grande,(734) 789-3855,tarreau@optonline.net
Inmaculada Moles-Verdú,(733) 556-5309,crypt@gmail.com
Piedad Casanova,(429) 856-2926,flavell@aol.com
Dafne Amigó-Arias,(867) 348-9295,dpitts@yahoo.ca
Anabel Tur Llorens,(698) 662-7980,rsteiner@sbcglobal.net
Danilo Jose Antonio Escobar Muro,(632) 905-5610,clkao@mac.com
Aura Salcedo Vigil,(901) 282-1660,slaff@yahoo.ca
Ramiro Cepeda Casanova,(229) 509-6838,emmanuel@hotmail.com
Nadia Tormo,(852) 727-9985,evans@icloud.com
Paola González Piquer,(878) 768-5731,tezbo@verizon.net
Remedios Quesada Heredia,(577) 307-6609,naoya@yahoo.ca
Andrés Cortés Fuertes,(799) 915-9575,benanov@me.com
María Ángeles Infante-Cabanillas,(744) 335-2955,mwandel@gmail.com
Heliodoro Antonio Baena Tejada,(617) 452-1538,breegster@comcast.net
Belen Carballo Lladó,(919) 981-1829,scato@msn.com
Quique Márquez Torralba,(528) 684-9875,mwilson@comcast.net
Felicidad Amor Cerdán,(494) 899-6340,cgarcia@live.com
Esteban de Serrano,(701) 769-5447,nimaclea@optonline.net
Eligia Javiera Lladó Pla,(388) 723-4833,gtewari@gmail.com
Nidia Ordóñez Cañas,(936) 408-8750,wmszeliga@att.net
Adelaida de Egea,(291) 231-4877,kramulous@aol.com
Dalila Torre Amores,(574) 819-4630,ninenine@comcast.net
Roldán Guardia,(898) 602-2321,jgmyers@gmail.com
Gabino Barragán Figueroa,(324) 842-3359,crobles@msn.com
Amanda Chamorro-Vives,(674) 307-5065,jgoerzen@msn.com
José Cañas Martinez,(860) 430-9246,frikazoyd@verizon.net
Benita Exposito Mínguez,(349) 220-3362,wonderkid@yahoo.com
Nerea de Portero,(552) 912-4336,wonderkid@yahoo.ca
Benjamín de Palau,(841) 890-5507,ajlitt@gmail.com
Cristina Arranz-Muro,(810) 993-2143,seurat@icloud.com
Lupe Pellicer Marco,(454) 648-4285,bryanw@yahoo.com
Cándida Pinedo Dalmau,(263) 975-5248,kingma@outlook.com
Carmelita Antón Escalona,(229) 791-0591,adillon@yahoo.com
Felicidad Macias Vall,(239) 230-6723,sonnen@yahoo.ca
Fanny Cortes Palacios,(519) 834-6230,gilmoure@aol.com
Eusebio Barros Guardia,(927) 989-2134,thomasj@hotmail.com
Leocadio Requena-Barriga,(750) 231-1278,kewley@att.net
Abril Feijoo-Goñi,(993) 819-1581,noneme@sbcglobal.net
Luciano Agustí López,(992) 764-6787,yamla@gmail.com
Carlos Flores Nevado,(426) 616-7643,tkrotchko@icloud.com
Pastora Galán Mariño,(782) 483-8539,ribet@yahoo.ca
Corona Aitana Julián Salvà,(758) 784-6496,bahwi@sbcglobal.net
Jerónimo Peinado-Morales,(353) 949-8642,pkilab@mac.com
Nicanor García Perez,(419) 271-2209,msroth@verizon.net
Lisandro Guillermo Delgado Porcel,(695) 831-3671,killmenow@aol.com
Natanael Vallés Prieto,(471) 654-4289,ribet@icloud.com
Xiomara Sáenz Batalla,(610) 698-5603,wildfire@yahoo.ca
Santos Zurita Barrio,(848) 708-6921,kingjoshi@icloud.com
Isidro Rozas Gámez,(425) 759-6711,stinson@hotmail.com
Patricia Raquel Carnero Agullo,(536) 509-3496,tmaek@mac.com
Patricio Alberola Sandoval,(682) 371-3633,boein@icloud.com
Bibiana Barrio,(395) 739-7429,pdbaby@icloud.com
Lucila del Coronado,(496) 593-3991,gordonjcp@gmail.com
Danilo Matas Vicente,(422) 591-9860,choset@yahoo.com
Duilio Lucas Feliu,(614) 614-8713,jyoliver@verizon.net
José Reyes Leal,(543) 365-7239,mglee@msn.com
Nicolás Pascual Gabaldón Paniagua,(953) 224-1239,jgmyers@yahoo.com
Gonzalo Barberá Gimeno,(719) 666-7774,jadavis@comcast.net
Marco Sanchez Yuste,(740) 214-9501,presoff@mac.com
Alejandra Olivera,(957) 947-6883,jadavis@outlook.com
Sandra Leiva Planas,(454) 614-0576,willg@yahoo.com
Sigfrido Urrutia Vargas,(501) 237-3656,gbacon@gmail.com
Nydia Ureña Serrano,(302) 344-8410,quantaman@me.com
Etelvina Tolosa Exposito,(364) 877-2311,cantu@att.net
Adriana Gilabert Bravo,(209) 900-1460,oechslin@mac.com
Juan José Giménez Calzada,(705) 896-8293,tkrotchko@comcast.net
Emiliana Marti Manso,(845) 453-8354,keiji@mac.com
Adora Solera Juliá,(222) 401-6952,ubergeeb@sbcglobal.net
Sancho Arregui Ibañez,(226) 882-1823,hutton@live.com
Sonia Pacífica Aranda Durán,(876) 391-9261,nacho@icloud.com
Aitor Pelayo Tello,(942) 807-6926,kingjoshi@hotmail.com
Juana Losa Villar,(772) 705-5952,pontipak@live.com
Goyo Ríos Guerra,(840) 981-1117,bogjobber@msn.com
Rufino Beltran-Torralba,(693) 870-1822,alhajj@mac.com
Apolonia Pareja Real,(388) 451-5422,blixem@mac.com
Herminia Samper Sureda,(780) 656-1096,zilla@sbcglobal.net
Loida Morera,(579) 952-6808,shaffei@msn.com
Milagros Cadenas,(387) 538-2533,breegster@live.com
Ema Saura,(727) 372-5713,pplinux@yahoo.com
Angelino Ibañez Bonet,(317) 672-5744,nasarius@optonline.net
Candelas Gutierrez Solana,(329) 891-2077,kuparine@live.com
Lucio Figuerola-Lorenzo,(398) 404-4531,rohitm@comcast.net
Benita Ramírez Ribera,(951) 374-6032,msloan@sbcglobal.net
Zaida Tovar Tolosa,(361) 244-5124,jschauma@sbcglobal.net
Héctor Puga Tudela,(308) 927-4163,ramollin@icloud.com
Adelina Carmona Bayo,(604) 635-3303,seanq@gmail.com
Carmelita Tejedor Casas,(334) 850-8140,bartak@sbcglobal.net
Bernarda Quero Córdoba,(551) 463-3914,jeteve@outlook.com
Evita Alfaro Miguel,(732) 565-1110,wsnyder@live.com
Lidia Reyes Carbajo Pla,(312) 348-5773,sinclair@gmail.com
Carlota Rosell Baños,(637) 729-8146,gboss@verizon.net
Fausto Montero Sanmartín,(809) 618-5906,helger@yahoo.ca
Lalo Castellanos Rueda,(875) 247-7784,chrwin@me.com
Sabina Jover-Mendoza,(922) 389-1420,frosal@me.com
Nuria Mur,(358) 338-4360,jfinke@optonline.net
Feliciana Gutierrez Mora,(371) 781-3986,tbmaddux@comcast.net
Jerónimo Vidal Hernandez,(994) 884-8160,gumpish@aol.com
Fortunata Jordán,(410) 711-4695,pplinux@icloud.com
Manu Céspedes Corominas,(679) 967-9642,cvrcek@att.net
Áurea Guzman,(392) 902-5044,neuffer@verizon.net
Modesta Lledó Izquierdo,(812) 508-9807,jsbach@msn.com
Telmo Lastra-Cuervo,(422) 416-4444,biglou@yahoo.com
Iris Camino-Briones,(473) 919-0061,andale@icloud.com
Clarisa Belda Cid,(822) 736-4675,irving@me.com
Petrona Palau Soto,(833) 823-6470,cisugrad@icloud.com
Cándido Alcázar Canales,(413) 463-3164,gator@gmail.com
Jose Carlos Lopez Lledó,(780) 604-2895,bflong@sbcglobal.net
Adoración de Casanova,(262) 211-0265,jginspace@outlook.com
Gregorio Salamanca,(268) 712-7660,mugwump@gmail.com
Miguel Llopis,(744) 267-9349,noticias@hotmail.com
Eutimio Gilberto Pagès Ricart,(949) 257-2530,bartlett@aol.com
Anita Roca-Soler,(834) 971-5240,mlewan@mac.com
Adalberto Gomis-Bello,(707) 279-5282,fukuchi@sbcglobal.net
Paz Giner Reig,(934) 362-5596,mhoffman@me.com
Horacio Cuéllar Escobar,(336) 533-6650,mxiao@icloud.com
Urbano Real-Tolosa,(375) 573-3606,linuxhack@verizon.net
Curro Segarra Peinado,(944) 481-9531,speeves@me.com
Clemente Nevado,(466) 210-7434,petersko@sbcglobal.net
Azucena Elías Heredia,(832) 804-2690,baveja@optonline.net
Nicolasa Villena-Saura,(347) 847-3387,koudas@optonline.net
Luis Miguel Amaya,(301) 821-4226,sravani@hotmail.com
Salomé Pla Pons,(462) 752-6248,crowemojo@optonline.net
Nazaret Morán Escamilla,(400) 658-1904,themer@hotmail.com
Rafael Edu Zamorano Ochoa,(596) 653-4507,jdhedden@live.com
Sergio Salmerón Carreras,(519) 384-8287,chance@live.com
Mamen del Carrasco,(896) 641-7976,mcnihil@verizon.net
Tecla Aparicio Boada,(288) 958-3534,jnolan@verizon.net
Amado Rodríguez Girón,(871) 820-2589,henkp@icloud.com
Jordi Seco Cantón,(303) 681-8666,caidaperl@verizon.net
Manu Vega Girona,(385) 830-3297,thowell@me.com
Basilio Riquelme Gordillo,(971) 618-7510,techie@yahoo.com
Emiliano Marín,(851) 584-2900,mfburgo@sbcglobal.net
Itziar de Castellanos,(247) 995-5965,dpitts@yahoo.ca
Carmelita del Cabezas,(998) 535-6878,scotfl@gmail.com
Rufina Ballester Llamas,(350) 396-0627,mhouston@mac.com
Obdulia Escribano,(770) 862-7445,mmccool@mac.com
Eli Montero,(786) 235-4329,gamma@live.com
Edelmiro Expósito Colomer,(300) 685-3494,gastown@me.com
Encarnacion Calderón-Olmedo,(226) 599-5111,earmstro@optonline.net
Toribio Aller Parra,(560) 348-7975,luebke@gmail.com
Hugo Tamarit Hoz,(693) 263-4900,jschauma@gmail.com
Renata del Alberola,(546) 784-9818,kiddailey@hotmail.com
Prudencio Carreras Cobo,(212) 965-6554,hakim@comcast.net
Fabio de Arrieta,(889) 443-1755,aukjan@sbcglobal.net
Ciro Hernando Puga Patiño,(848) 779-2483,policies@hotmail.com
Efraín Anguita Torres,(805) 697-3346,lbaxter@outlook.com
Claudia Clemente Bertrán,(913) 721-8266,grolschie@mac.com
Brunilda Paredes-Fajardo,(282) 349-2003,mjewell@hotmail.com
Nicolás Moles Colomer,(963) 229-9721,rande@hotmail.com
Fátima Alemany Puerta,(546) 649-9186,gravyface@optonline.net
Gabriela González Robles,(790) 423-9896,symbolic@aol.com
Norberto Cerdá-Fernández,(402) 426-6854,payned@sbcglobal.net
Mónica Colom Larrea,(258) 814-1284,zeitlin@msn.com
Eusebio González Figuerola,(832) 468-1526,shang@outlook.com
Isaac del Amaya,(587) 654-1459,atmarks@mac.com
Víctor Gisbert,(786) 599-5695,jugalator@optonline.net
Paca Castell Viana,(673) 380-1953,amimojo@yahoo.com
Belen Zoraida Baró Lozano,(787) 598-7416,library@outlook.com
Pastor Fuente Arenas,(252) 212-3211,mwandel@verizon.net
Amaro Quero Paredes,(458) 895-2442,mfburgo@hotmail.com
Margarita del Coronado,(901) 850-8259,hyper@yahoo.ca
Calixto España Jove,(625) 448-6097,rjones@sbcglobal.net
Sofía Mulet Benet,(556) 902-0359,naoya@aol.com
Melania Ariadna Barceló Garcés,(419) 691-3967,hermanab@mac.com
Albina Dulce Nieto Ferrándiz,(299) 917-8437,pakaste@icloud.com
Pepita Roig,(568) 949-0998,wainwrig@optonline.net
Marcela Leal Montes,(377) 519-0306,jeteve@optonline.net
Paloma Salvà Carvajal,(266) 259-5870,singer@yahoo.ca
Adelia Martí Bello,(399) 366-1808,telbij@msn.com
Atilio Batalla Rios,(494) 586-8976,bancboy@verizon.net
Felicia Novoa Cózar,(255) 815-9078,thassine@sbcglobal.net
Petrona Guardia Céspedes,(727) 783-4000,skajan@gmail.com
Tito Oliveras-Mármol,(848) 504-4182,mjewell@verizon.net
Urbano Plana Cornejo,(746) 203-6657,augusto@outlook.com
Anselma Rodriguez Bernad,(865) 416-9258,crandall@comcast.net
Adrián Fabra Viña,(965) 404-9334,tokuhirom@msn.com
Nicolasa Becerra Sánchez,(928) 728-1293,martyloo@verizon.net
Ágata Carbajo Calvo,(979) 684-4030,floxy@gmail.com
Pepita Laura Lladó Franch,(667) 933-2880,paulv@verizon.net
Noemí Carpio Seco,(569) 583-5618,linuxhack@msn.com
Edelmira Mosquera Recio,(553) 319-8193,tlinden@mac.com
Petrona Fonseca Martínez,(216) 642-1783,juerd@gmail.com
Fernando Peralta Arévalo,(758) 641-0007,stellaau@comcast.net
Ariel Florencio Dávila Aramburu,(647) 600-0763,miturria@yahoo.ca
Magdalena Almansa Bayona,(389) 210-4301,inico@yahoo.com
Amancio Chuy Cañas Garcia,(559) 237-4254,joelw@verizon.net
Xiomara Albero Palomares,(425) 639-1001,jshirley@me.com
Moreno del Armas,(912) 744-3841,ranasta@mac.com
Mayte Arjona Mir,(420) 734-0267,frikazoyd@live.com
Elena Conde Alonso,(642) 256-2742,osrin@aol.com
Celia Peinado Riquelme,(440) 856-1816,pthomsen@verizon.net
José Mas Diaz,(236) 758-1959,eurohack@optonline.net
Marco del Almansa,(454) 251-7217,csilvers@outlook.com
Ariel Martorell Quero,(554) 671-5835,rasca@icloud.com
Claudia Ibañez Macías,(796) 405-5951,donev@yahoo.com
Morena Llanos Dalmau,(355) 836-1997,psichel@yahoo.ca
Tecla Gertrudis Fortuny Santana,(286) 437-9985,ranasta@att.net
Jose Francisco Martí Crespo,(728) 630-9093,lbaxter@verizon.net
Teresita Donaire Prieto,(375) 276-9555,rnewman@yahoo.com
Sofía Campillo Meléndez,(303) 888-3580,intlprog@optonline.net
Paola Anastasia Peral Gracia,(620) 263-0937,jgoerzen@sbcglobal.net
Fabián Ojeda Duran,(285) 569-3815,shrapnull@mac.com
Pascuala Conde-Amat,(933) 493-1296,teverett@yahoo.com
Vicente de Manzano,(984) 925-1479,jdhedden@verizon.net
Serafina de Suárez,(745) 969-2385,miami@hotmail.com
Benita Susanita Segarra Comas,(385) 423-8512,reeds@sbcglobal.net
Casemiro Aliaga Arce,(541) 380-9655,jmmuller@hotmail.com
Renato Machado Pla,(499) 251-4292,mailarc@verizon.net
Desiderio Mendoza Escobar,(889) 376-3128,sfoskett@sbcglobal.net
Gerardo Bernat Barros,(899) 319-0739,eurohack@yahoo.ca
Hugo Torrecilla Canals,(799) 736-0563,ahmad@yahoo.com
Mamen Ortega Ferrer,(897) 495-1662,lstein@hotmail.com
Ciríaco del Ruano,(744) 403-9916,bmidd@aol.com
Reynaldo Gargallo Salcedo,(936) 598-2906,stecoop@msn.com
Blanca Quero Alcántara,(469) 532-4548,ateniese@icloud.com
Concepción Catalán,(947) 361-6058,carcus@mac.com
Carolina Bilbao Iñiguez,(949) 882-5871,klaudon@gmail.com
Luisina Gonzalez Ferrán,(305) 415-3051,lishoy@gmail.com
Filomena Larrañaga Andrade,(828) 518-2220,rfisher@hotmail.com
Marta Roldán-Galván,(723) 679-1851,mxiao@yahoo.com
Alma Valderrama Cortés,(274) 482-2742,reziac@att.net
Alcides Viana Benavente,(596) 753-6330,mailarc@att.net
Santiago Garmendia Doménech,(493) 751-7562,brainless@msn.com
Nerea Torrent-Valverde,(804) 565-3963,akoblin@comcast.net
Ángeles del Higueras,(857) 359-0241,geoffr@optonline.net
Octavio de Andrés,(680) 877-0373,shawnce@gmail.com
Eligio Herrero-Canet,(644) 440-6033,trygstad@mac.com
Elías Carbonell Pareja,(788) 977-2844,plover@me.com
Elvira Olmedo Girona,(244) 263-7499,choset@optonline.net
Sosimo Landa Aragonés,(837) 287-6032,caidaperl@aol.com
Clotilde del Osorio,(212) 363-5006,murdocj@gmail.com
Alcides Tello Fernandez,(315) 840-0702,grossman@verizon.net
Sigfrido Simó Benavent,(467) 358-4503,bartlett@mac.com
Nerea Leon Puga,(360) 620-0866,claesjac@aol.com
David Ballesteros-Francisco,(229) 275-5223,jadavis@icloud.com
Eva Araceli Marcos Cerdán,(344) 778-8434,vmalik@msn.com
Tecla Conesa,(258) 518-2594,slaff@me.com
Mayte Isern Gárate,(859) 270-2403,kjohnson@gmail.com
Ignacio Bauzà-Torrens,(611) 486-5321,weazelman@icloud.com
Amor Estrada-Querol,(768) 652-3949,ivoibs@icloud.com
Gabino Aranda Godoy,(998) 487-9102,atmarks@aol.com
Gerónimo Asenjo,(253) 321-2154,hermanab@live.com
Enrique Andreu Cueto,(532) 409-6324,matty@yahoo.ca
Clara Cantón Farré,(661) 728-1691,enintend@verizon.net
Baudelio Asensio,(570) 540-0876,dsugal@me.com
Pepita del Grau,(433) 516-7191,openldap@outlook.com
Alba Batalla Valls,(535) 857-6686,lishoy@comcast.net
Bernardino Patiño Aguado,(849) 782-9869,temmink@optonline.net
Esteban Vaquero Dominguez,(561) 625-6255,wildixon@optonline.net
Anacleto Tomás Torrecilla,(654) 705-7739,peoplesr@outlook.com
Severino Nicolau Vizcaíno,(712) 820-6745,psichel@aol.com
Corona Feijoo Pi,(259) 838-4855,wilsonpm@aol.com
Rafaela Hurtado Reguera,(824) 717-6847,mlewan@live.com
Zaira Calderón Ariño,(366) 665-1941,okroeger@yahoo.com
Aníbal Acero,(305) 495-3592,jgmyers@att.net
Leocadio Palomo Palomares,(602) 659-7572,torgox@verizon.net
Juan Carlos Delgado Durán,(689) 239-4563,eurohack@verizon.net
Elvira Bravo-Cano,(207) 205-4139,grinder@mac.com
Demetrio de Larrañaga,(516) 973-1052,mallanmba@comcast.net
Hernando Garay,(556) 265-3355,martyloo@sbcglobal.net
Isabela Roma Jurado,(630) 838-5414,smcnabb@yahoo.com
Roberto Tomás-Bermúdez,(762) 570-3297,msherr@yahoo.ca
Yolanda Oliva Polo,(283) 766-9356,grothoff@icloud.com
Rosendo Pinilla Bustamante,(750) 486-9536,budinger@icloud.com
Vanesa Celia Ibáñez Ferrer,(619) 353-7970,arathi@comcast.net
Albina de Fiol,(961) 219-0829,dpitts@sbcglobal.net
Georgina Arroyo Araujo,(209) 879-1264,osaru@me.com
Celestina Rodrigo Hidalgo,(332) 532-0822,jramio@gmail.com
Felicidad de Bernal,(487) 640-6779,kudra@comcast.net
Valeria Almansa-Bárcena,(536) 366-2187,yruan@icloud.com
Javier Cortina Grau,(363) 544-2841,petersen@msn.com
Manolo Isidro Ros Salgado,(461) 271-1631,jbearp@sbcglobal.net
Concepción Bustamante,(857) 335-5320,kjohnson@mac.com
Viviana Tur Asensio,(634) 371-1153,jaesenj@comcast.net
Emilia Valentín Coello,(439) 244-2458,offthelip@yahoo.ca
Bárbara Arcos Cases,(320) 535-5081,jeffcovey@me.com
Martín Giménez Herrera,(993) 964-1956,pgolle@aol.com
Gastón Real Barriga,(748) 245-9826,mdielmann@verizon.net
Estefanía Peñas,(381) 532-2238,gerlo@optonline.net
Loreto Estrella Viñas Juan,(907) 754-8902,sarahs@verizon.net
Emperatriz Quirós Aguirre,(531) 907-4416,galbra@comcast.net
Leocadio Escalona,(572) 498-8666,kaiser@comcast.net
Carina Barroso Lopez,(716) 425-2898,kildjean@hotmail.com
Damián Tomas Solís,(762) 419-8629,cliffordj@yahoo.ca
Isaac Vallejo-Coll,(280) 675-9489,breegster@outlook.com
Fernanda Lozano Bastida,(634) 550-6646,calin@comcast.net
Angélica Diego Cuéllar,(527) 606-6801,sfoskett@att.net
José Luis Lorenzo Losada,(465) 963-8317,singer@att.net
María Sáenz Azorin,(659) 984-6638,vsprintf@att.net
Hernando Olmedo Seguí,(962) 381-3510,mhassel@msn.com
Mamen Chacón Crespo,(576) 978-9774,weidai@sbcglobal.net
Morena Ros Estrada,(721) 881-8367,quantaman@msn.com
Berta Mena Rivas,(812) 855-9668,timtroyr@gmail.com
Carmen Alemany Bertrán,(819) 268-2557,papathan@att.net
Emilia Oliveras Granados,(398) 878-0122,jyoliver@att.net
Jaime Santiago Vazquez,(301) 631-9640,steve@sbcglobal.net
Clemente de Coloma,(891) 535-5328,falcao@live.com
Hilda del Tapia,(576) 200-5761,wildfire@mac.com
Espiridión Abril Marti,(654) 407-4012,pfitza@comcast.net
Porfirio Cal Bru,(599) 743-9003,staffelb@mac.com
María Ángeles de Valbuena,(240) 906-5404,chaffar@live.com
Darío Dávila,(455) 626-4301,bmidd@gmail.com
Victor Manuel Sedano-Domingo,(493) 311-8669,north@live.com
Marcela Saura,(758) 602-4935,scottzed@gmail.com
Rosalva Carreras Calatayud,(390) 779-8899,jramio@icloud.com
Ágata Bermúdez-Espejo,(487) 438-4975,wagnerch@yahoo.com
Leire Bellido Carmona,(659) 904-0068,nighthawk@aol.com
Consuela Emilia Cuenca Cerdán,(721) 772-9718,pthomsen@yahoo.com
Juan Luis Ángel Alemany,(471) 210-6992,nelson@yahoo.com
Nazaret Garrido Lladó,(435) 955-2960,augusto@gmail.com
Elena Pons,(323) 803-5626,jrifkin@outlook.com
Pilar Castells Fernández,(507) 934-7625,pgolle@outlook.com
José María Jacobo Ojeda Montesinos,(532) 766-7644,sekiya@live.com
Manolo de Pavón,(772) 757-3738,airship@verizon.net
Cándido Beltrán Pino,(887) 277-6652,credmond@hotmail.com
Apolonia del Real,(725) 408-3080,parrt@outlook.com
Zoraida Rovira Arce,(845) 673-0453,mwandel@att.net
Elpidio Pont Expósito,(962) 741-6475,lamprecht@live.com
Joan Lobo-Haro,(396) 942-3896,fudrucker@live.com
Nayara Gimeno Velasco,(672) 429-8285,ntegrity@aol.com
África del Conde,(524) 528-5199,shaffei@outlook.com
Ángela Pinedo Vendrell,(422) 560-9699,tellis@yahoo.com
Joan Fabregat Ochoa,(879) 980-7282,mcraigw@yahoo.ca
Cruz Tamayo-Carpio,(372) 654-9387,clkao@outlook.com
Pascual Pedro Ruiz,(933) 613-2582,kwilliams@icloud.com
Melisa Guitart,(365) 278-8056,munson@icloud.com
Anacleto Caballero Ferrera,(588) 897-0633,nwiger@aol.com
Vicente Calleja,(303) 754-3969,epeeist@gmail.com
Marco Ropero,(311) 963-9615,krueger@comcast.net
Cristian Baquero-Cánovas,(777) 720-1143,dsugal@live.com
Josep Reina Prieto,(741) 758-2688,tellis@me.com
Florinda Anguita-Sancho,(802) 484-9409,inico@aol.com
Calixta Villaverde Acosta,(641) 921-8831,bebing@optonline.net
Marisela Milla-Martorell,(954) 421-2884,jdray@aol.com
Rosendo Almeida Naranjo,(954) 956-0103,irving@sbcglobal.net
Ana Sofía Colomer Martín,(295) 983-4853,andersbr@hotmail.com
Rolando Caballero Niño,(253) 483-2574,parrt@yahoo.ca
Paola Casanovas-Riba,(244) 616-3629,cliffski@live.com
Lupita del Sanjuan,(586) 717-5632,mlewan@att.net
Modesto Franco Hervia,(890) 780-5763,dwsauder@yahoo.com
Modesto Morante,(958) 671-5221,djupedal@yahoo.com
Clemente Ferrero Garmendia,(203) 272-8879,dpitts@mac.com
Guiomar Ferrera,(412) 374-4809,kevinm@live.com
Araceli Borrell-Armas,(700) 831-5400,okroeger@gmail.com
Jorge Gutierrez Caparrós,(536) 847-4736,smpeters@optonline.net
Beatriz Mamen Casanovas Ruiz,(853) 399-2912,balchen@aol.com
Vicenta Rivero Otero,(719) 895-4064,marin@att.net
Vicenta Solé-Palma,(579) 455-3524,bdthomas@yahoo.ca
Alejandra Beltrán Fuente,(952) 284-4700,sartak@outlook.com
Ruperta Casanova Bermúdez,(819) 878-4303,jmmuller@yahoo.com
Nicolás Ayala Campoy,(467) 290-0508,bowmanbs@me.com
Leopoldo del Sáez,(590) 409-5907,parsimony@live.com
Haroldo del Hoyos,(266) 570-8715,weazelman@optonline.net
Juanita Pastora Escolano Marí,(471) 733-8756,dexter@aol.com
Jenny Manuel Llorens,(616) 501-9475,avalon@att.net
Belén Cantero Uría,(814) 815-8592,mgemmons@optonline.net
Candela Grande Arenas,(628) 340-8842,djpig@aol.com
Socorro Sans Pomares,(994) 397-7201,bartak@comcast.net
Nazaret Antúnez Rios,(644) 968-4427,jmcnamara@yahoo.com
Yago Teruel Palomino,(549) 850-2390,aibrahim@comcast.net
Lola Crespi Lobato,(506) 841-6393,duncand@yahoo.com
Matías Agudo Ruiz,(340) 492-0275,bdbrown@att.net
Luisa Redondo Salom,(383) 357-1843,dburrows@comcast.net
Isa Trillo Rozas,(405) 559-9778,monkeydo@att.net
Asdrubal Estevez Solís,(268) 398-7609,amichalo@verizon.net
Ruth Blázquez Cerro,(310) 577-6728,gravyface@aol.com
Hernando del Nieto,(811) 765-3302,webdragon@msn.com
Silvio Vilanova Amador,(403) 928-7118,matthijs@me.com
Damián Andrade,(607) 905-6893,kidehen@msn.com
Patricio Velasco,(384) 958-4888,rjones@yahoo.com
Antonio Mendizábal Sevillano,(324) 284-9902,zavadsky@yahoo.ca
Aitana Escudero Hidalgo,(836) 752-4390,jaesenj@icloud.com
Magdalena Castell Rey,(574) 870-1271,smcnabb@mac.com
Baltasar del Giner,(422) 535-5367,sagal@outlook.com
Martirio Samper Tena,(415) 828-3663,dwendlan@gmail.com
Arsenio Haro Ledesma,(415) 947-3697,nweaver@att.net
Herminia Nevado Pagès,(655) 247-5450,odlyzko@icloud.com
Apolonia Luís-Bernat,(726) 230-1885,jipsen@mac.com
Lina Porcel Bustamante,(301) 446-4931,bogjobber@outlook.com
José Luis Ferrándiz Cornejo,(205) 948-8280,benanov@att.net
Belen Chaparro,(216) 341-9188,rnewman@verizon.net
Poncio Cerdán,(922) 668-4401,oracle@hotmail.com
Andrés Doménech Almazán,(929) 916-9742,ianbuck@yahoo.com
Cecilio Apolinar Salas Alemán,(294) 465-2217,hampton@hotmail.com
Otilia Ropero Macias,(358) 731-3798,boomzilla@sbcglobal.net
Severo de Goñi,(352) 604-1886,bulletin@att.net
Chuy Julián Cabrero,(316) 723-5488,animats@msn.com
Adelia Campo-Bueno,(900) 365-3438,dieman@mac.com
Anacleto Paniagua-Antúnez,(232) 995-8639,augusto@yahoo.com
Régulo Larrea Pereira,(713) 359-4317,dunstan@outlook.com
Pacífica Guardiola Rosa,(206) 847-8774,mhoffman@sbcglobal.net
Victorino Aramburu,(411) 376-4315,weazelman@gmail.com
Bibiana Mata Alcolea,(938) 721-2256,mirod@icloud.com
Florentina Grande Quintero,(419) 442-9188,yangyan@msn.com
Cayetano Coello Fernandez,(763) 952-1502,benits@optonline.net
Florinda Gascón Gonzalo,(723) 961-1436,oevans@aol.com
Valeria Ríos,(233) 477-9648,sfoskett@yahoo.com
Blanca Moya Fabregat,(347) 835-6563,catalog@hotmail.com
Soraya Cáceres Marin,(732) 949-7420,preneel@verizon.net
Rufina Rosselló Sales,(334) 788-2547,drezet@msn.com
Abril Almazán Gargallo,(355) 952-4381,symbolic@mac.com
Sandalio Pinto Alcázar,(875) 650-4506,melnik@mac.com
Urbano Rosselló Llabrés,(650) 311-4823,vertigo@optonline.net
Aurelio Ferreras Granados,(944) 439-2624,odlyzko@outlook.com
Aroa Pujol Belmonte,(283) 827-0141,nachbaur@yahoo.com
Calista de Abril,(975) 594-0844,cumarana@att.net
Teófilo Contreras Téllez,(990) 738-6040,donev@outlook.com
Milagros Cabañas,(770) 545-8863,hutton@me.com
Gonzalo Sans Miró,(334) 305-7194,corrada@mac.com
Sofía Bou Zamorano,(602) 467-4837,chinthaka@aol.com
Leandro Gabino Cruz Izaguirre,(939) 500-3265,cgreuter@yahoo.com
Angelina Royo Canals,(987) 536-2384,ateniese@hotmail.com
Pío Fonseca-Granados,(730) 738-3338,mcmillan@optonline.net
Luis Miguel Cuadrado Gual,(330) 201-7051,gilmoure@yahoo.ca
Blanca Lucas Cortés,(932) 338-3282,mbrown@live.com
José Luis Arévalo,(878) 237-0878,qmacro@verizon.net
,,
,,
,,
,,
,,
,,
,,
,,
,,
,,
,,
,,
,,
,,
,,
,,
,,
,,
,,
,,
,,
,,
,,
,,
,,
,,
,,
,,
,,
,,
,,
,,
,,
,,
,,
,,
,,
,,
,,
,,
,,
,,
,,
,,
,,
,,
,,
,,
,,
,,
,,
,,
,,
,,
,,
,,
